Cod,N,S,B,H,N_std,S_std,B_std,H_std,cc_index_std,TL_index,TL_index_std,I_t,II_t,III_t,IV_t,V_t,VI_t,I_v,II_v,III_v,vul_index,vul_index_std,I_f,II_f,III_f,IV_f,fishing_index,fishing_index_std,ARI,Impact,Year,Season,Fishery
AR_02_D_1,35,10,8506.8,2.0983995958898056,28.448275862068968,44.44444444444444,46.37690067465718,79.17230410632789,49.61048127187462,3.8339373207316503,76.678746414633,0,0,40,22.857142857142858,37.142857142857146,0,51.42857142857142,28.57142857142857,20,1.0285714285714287,25.71428571428572,0,34.285714285714285,28.57142857142857,37.142857142857146,2.0285714285714285,67.6190476190476,54.90564025496023,AR,2002,Dry,1
AR_02_D_2,31,11,7297.1,2.1455014354744373,25,50,39.29548813861937,81.25126332843048,48.88668786676246,3.901257211769059,78.02514423538118,0,0,25.806451612903224,25.806451612903224,48.38709677419355,0,35.483870967741936,48.38709677419355,16.129032258064516,1.209677419354839,30.241935483870975,0,25.806451612903224,29.03225806451613,45.16129032258064,2.193548387096774,73.11827956989247,57.568011788976776,AR,2002,Dry,2
AR_02_D_3,35,10,7527.0999999999995,1.9605287876281814,28.448275862068968,44.44444444444444,40.64187557623919,73.087026103985,46.655405496684395,3.8224801052198063,76.44960210439613,0,0,34.285714285714285,40,25.71428571428571,0,68.57142857142857,20,11.428571428571429,0.6428571428571428,16.07142857142857,0,28.57142857142857,48.57142857142857,22.857142857142858,1.9428571428571428,64.76190476190476,50.98458523360347,AR,2002,Dry,3
AR_02_R_1,74,15,8789.499999999998,1.8365293883943576,62.06896551724138,72.22222222222221,48.03178645124466,67.6139979410584,62.48424303294166,3.769472211161045,75.3894442232209,0,0,24.324324324324326,68.91891891891892,5.405405405405405,1.3513513513513513,89.1891891891892,8.108108108108109,2.7027027027027026,0.20270270270270274,5.067567567567568,66.21621621621621,10.81081081081081,20.27027027027027,2.7027027027027026,0.5945945945945946,19.81981981981982,40.69026866088749,AR,2002,Rainy,1
AR_02_R_2,72,15,10814.5,1.962216316928199,60.3448275862069,72.22222222222221,59.88584976072353,73.16150949214516,66.40360226532445,3.8410773498543627,76.82154699708725,0,0,47.22222222222222,43.05555555555556,9.722222222222223,0,91.66666666666666,6.944444444444445,1.3888888888888888,0.14583333333333334,3.6458333333333335,65.27777777777779,13.88888888888889,19.444444444444446,1.3888888888888888,0.5694444444444445,18.981481481481485,41.46311601930664,AR,2002,Rainy,2
AR_02_R_3,76,13,12605.65,2.0201580050313703,63.793103448275865,61.111111111111114,70.37098827764851,75.71891293728753,67.74852894358075,3.7064210096266357,74.12842019253272,0,0,27.631578947368425,61.8421052631579,10.526315789473683,0,75,17.105263157894736,7.894736842105263,0.4934210526315789,12.335526315789473,51.31578947368421,10.526315789473683,30.263157894736842,7.894736842105263,0.9473684210526315,31.57894736842105,46.447855705081,AR,2002,Rainy,3
AR_03_D_1,23,15,8904.95,2.570281285762038,18.103448275862068,72.22222222222221,48.707614406345584,100,59.75832122610747,3.747753103610913,74.95506207221825,8.695652173913043,0,13.043478260869565,47.82608695652174,30.434782608695656,0,56.52173913043478,21.73913043478261,21.73913043478261,0.9782608695652175,24.456521739130437,13.043478260869565,26.08695652173913,39.130434782608695,21.73913043478261,1.6956521739130435,56.52173913043478,53.92291104197273,AR,2003,Dry,1
AR_03_D_2,26,11,6135.323333333334,2.2685112232853943,20.689655172413794,50,32.49461201114185,86.6806124798363,47.46621991584799,3.800786945757273,76.01573891514546,0,3.8461538461538463,15.384615384615385,46.15384615384615,34.61538461538461,0,50,30.76923076923077,19.230769230769234,1.0384615384615385,25.961538461538463,3.8461538461538463,23.076923076923077,46.15384615384615,26.923076923076923,1.9615384615384617,65.38461538461539,53.70702816928682,AR,2003,Dry,2
AR_03_D_3,26,14,5886.65,2.5176437283191193,20.689655172413794,66.66666666666666,31.03891352387642,97.67670782203129,54.01798579624704,3.8341251815548745,76.68250363109749,0,0,26.923076923076923,42.30769230769231,26.923076923076923,3.8461538461538463,69.23076923076923,15.384615384615385,15.384615384615385,0.6923076923076923,17.307692307692307,3.8461538461538463,23.076923076923077,46.15384615384615,26.923076923076923,1.9615384615384617,65.38461538461539,53.348199279913054,AR,2003,Dry,3
AR_03_R_1,118,9,17667.1,0.595085352952597,100,38.88888888888889,100,12.8197149795919,62.9271509671202,3.6383558705163836,72.76711741032767,0,0,2.5423728813559325,94.0677966101695,1.694915254237288,1.694915254237288,94.0677966101695,4.23728813559322,1.694915254237288,0.11440677966101694,2.8601694915254234,0.847457627118644,92.37288135593221,5.084745762711865,1.694915254237288,1.076271186440678,35.87570621468927,43.607536020915646,AR,2003,Rainy,1
AR_03_R_2,77,6,11399,0.3448448949815283,64.65517241379311,22.22222222222222,63.30743000980521,1.774717322815162,37.989885492158926,3.6199531537854193,72.39906307570838,0,0,3.896103896103896,94.8051948051948,0,1.2987012987012987,98.7012987012987,0,1.2987012987012987,0.03896103896103896,0.974025974025974,2.5974025974025974,96.1038961038961,0,1.2987012987012987,1,33.33333333333333,36.17407696880666,AR,2003,Rainy,2
AR_03_R_3,89,13,14034.199999999999,0.945100633568994,75,61.111111111111114,78.7335177298737,28.268527635981428,60.778289119241556,3.720197945020023,74.40395890040045,0,0,7.865168539325842,86.51685393258427,3.3707865168539324,2.247191011235955,94.3820224719101,2.247191011235955,3.3707865168539324,0.1348314606741573,3.3707865168539324,5.617977528089887,85.39325842696628,4.49438202247191,4.49438202247191,1.0786516853932584,35.95505617977528,43.62702267906781,AR,2003,Rainy,3
AR_06_D_1,19,10,10233.625,2.2148103680507085,14.655172413793101,44.44444444444444,56.48548974843043,84.31038895545885,49.973873890531706,3.806322266059192,76.12644532118384,0,0,21.052631578947366,57.89473684210527,21.052631578947366,0,42.10526315789473,31.57894736842105,26.31578947368421,1.263157894736842,31.57894736842105,5.263157894736842,26.31578947368421,36.84210526315789,31.57894736842105,1.9473684210526312,64.91228070175438,55.64788682047274,AR,2006,Dry,1
AR_06_D_2,27,11,7009.531666666667,2.1275045611092667,21.551724137931032,50,37.61210382793559,80.45692560700736,47.405188393218495,3.8999095279546734,77.99819055909347,0,0,25.925925925925924,51.85185185185185,22.22222222222222,0,48.148148148148145,37.03703703703704,14.814814814814813,1,25,14.814814814814813,22.22222222222222,11.11111111111111,51.85185185185185,2,66.66666666666666,54.26751140474466,AR,2006,Dry,2
AR_06_D_3,16,8,3203.7916666666665,1.8734517375545654,12.068965517241379,33.33333333333333,15.333840667730117,69.24365952041954,32.49494975968109,3.8696949447919784,77.39389889583957,0,0,18.75,56.25,25,0,50,31.25,18.75,1.03125,25.78125,25,12.5,12.5,50,1.875,62.5,49.542524663880165,AR,2006,Dry,3
AR_06_R_1,24,9,3550.1800000000003,2.012280548614049,18.96551724137931,38.88888888888889,17.361548930939108,75.37122140740416,37.646794117152865,3.5798084040809197,71.5961680816184,0,0,41.66666666666667,45.83333333333333,12.5,0,58.333333333333336,41.66666666666667,0,0.6250000000000001,15.625000000000004,0,54.166666666666664,29.166666666666668,16.666666666666664,1.625,54.166666666666664,44.75865721635948,AR,2006,Rainy,1
AR_06_R_2,31,15,3187.9056060606063,2.3972955320666562,25,72.22222222222221,15.240845918020263,92.36483476847637,51.20697572717971,3.9158894076794124,78.31778815358825,0,0,25.806451612903224,61.29032258064516,6.451612903225806,6.451612903225806,70.96774193548387,22.58064516129032,6.451612903225806,0.532258064516129,13.306451612903224,6.451612903225806,54.83870967741935,29.03225806451613,9.67741935483871,1.4193548387096775,47.31182795698925,47.535760862665114,AR,2006,Rainy,2
AR_06_R_3,39,13,3306.741666666667,2.167415729730385,31.896551724137932,61.111111111111114,15.936495392525599,82.21850631811061,47.790666136471316,3.5981174368524904,71.96234873704981,0,0,23.076923076923077,71.7948717948718,2.564102564102564,2.564102564102564,53.84615384615385,43.58974358974359,2.564102564102564,0.7307692307692308,18.26923076923077,2.564102564102564,43.58974358974359,48.717948717948715,5.128205128205128,1.564102564102564,52.13675213675214,47.53974944487601,AR,2006,Rainy,3
AR_10_D_1,24,12,3519.7599999999998,2.3152501269136425,18.96551724137931,55.55555555555556,17.18347455766782,88.74355260246827,45.11202498926774,3.822635094438257,76.45270188876513,0,0,16.666666666666664,75,8.333333333333332,0,79.16666666666666,20.833333333333336,0,0.31250000000000006,7.812500000000002,33.33333333333333,4.166666666666666,62.5,0,1.2916666666666665,43.05555555555555,43.108195608397104,AR,2010,Dry,1
AR_10_D_2,70,20,13345.723333333333,2.424973760188893,58.620689655172406,100,74.7032727946808,93.58648360668776,81.72761151413525,4.0265159775278825,80.53031955055765,8.571428571428571,0,42.857142857142854,25.71428571428571,21.428571428571427,1.4285714285714286,90,8.571428571428571,1.4285714285714286,0.17142857142857143,4.285714285714286,51.42857142857142,20,22.857142857142858,5.714285714285714,0.8285714285714286,27.61904761904762,48.5406732423637,AR,2010,Dry,2
AR_10_D_3,25,11,4161.37,2.1924759563043477,19.82758620689655,50,20.939368661368924,83.32460301419206,43.52288947061439,3.712447463215239,74.24894926430478,0,0,56.00000000000001,40,4,0,84,16,0,0.24,6,16,40,36,8,1.36,45.333333333333336,42.276293017063125,AR,2010,Dry,3
AR_10_R_1,30,11,6103.68,1.985231411071863,24.137931034482758,50,32.309376417731336,74.17733907840915,45.15616163265581,3.7940440521128234,75.88088104225646,0,0,6.666666666666667,70,23.333333333333332,0,40,60,0,0.9,22.5,13.333333333333334,10,76.66666666666667,0,1.6333333333333335,54.44444444444445,49.49537177983918,AR,2010,Rainy,1
AR_10_R_2,58,12,5743.7,1.865375830605237,48.275862068965516,55.55555555555556,30.20210446210358,68.88720887269099,50.73018273982891,3.8501763149189547,77.0035262983791,0,0,6.896551724137931,48.275862068965516,44.827586206896555,0,68.96551724137932,29.310344827586203,1.7241379310344827,0.49137931034482746,12.284482758620687,41.37931034482759,6.896551724137931,48.275862068965516,3.4482758620689653,1.1379310344827587,37.931034482758626,44.48730656989684,AR,2010,Rainy,2
AR_10_R_3,43,7,5672.2699999999995,1.6588020770285996,35.3448275862069,27.77777777777778,29.78396335484626,59.76955202893105,38.169030186940496,3.7964203043931266,75.92840608786253,0,0,13.953488372093023,67.44186046511628,18.6046511627907,0,74.4186046511628,25.581395348837212,0,0.38372093023255816,9.593023255813954,25.581395348837212,16.27906976744186,58.139534883720934,0,1.3255813953488373,44.186046511627914,41.969126510561225,AR,2010,Rainy,3
AR_11_D_1,38,14,16255.836666666666,2.3786201994102125,31.03448275862069,66.66666666666666,91.73866424707184,91.54055156861986,70.24509131024476,3.9445951249100073,78.89190249820015,7.894736842105263,0,10.526315789473683,65.78947368421053,15.789473684210526,0,71.05263157894737,28.947368421052634,0,0.43421052631578955,10.855263157894738,23.684210526315788,7.894736842105263,44.73684210526316,23.684210526315788,1.6842105263157896,56.140350877192994,54.03315196088316,AR,2011,Dry,1
AR_11_D_2,37,14,6209.528925438596,2.374677160670515,30.17241379310345,66.66666666666666,32.929001041627345,91.3665155474519,55.283649262212336,3.8671268189083716,77.34253637816744,0,0,18.91891891891892,56.75675675675676,24.324324324324326,0,81.08108108108108,18.91891891891892,0,0.28378378378378377,7.094594594594595,35.13513513513514,8.108108108108109,37.83783783783784,18.91891891891892,1.4054054054054055,46.84684684684685,46.64190677045531,AR,2011,Dry,2
AR_11_D_3,32,10,7591.0160000000005,1.8598229372611448,25.862068965517242,44.44444444444444,41.016030791295314,68.64211783317202,44.99116550860725,4.088329849390385,81.76659698780769,0,0,18.75,56.25,25,0,53.125,43.75,3.125,0.75,18.75,37.5,0,21.875,40.625,1.65625,55.208333333333336,50.179023957437074,AR,2011,Dry,3
AR_11_R_1,48,16,4992.7266666666665,2.321367276084995,39.6551724137931,77.77777777777779,25.80601288824496,89.01354850485569,58.063127896167885,3.737521100694477,74.75042201388953,2.083333333333333,0,27.083333333333332,41.66666666666667,29.166666666666668,0,75,25,0,0.375,9.375,43.75,27.083333333333332,25,4.166666666666666,0.8958333333333333,29.86111111111111,43.01241525529213,AR,2011,Rainy,1
AR_11_R_2,33,13,6525.939444444444,2.141103934309389,26.72413793103448,61.111111111111114,34.781223423889266,81.05716845481398,50.9184102302122,3.73380767400794,74.67615348015879,0,0,63.63636363636363,21.21212121212121,12.121212121212121,3.0303030303030303,75.75757575757575,21.21212121212121,3.0303030303030303,0.40909090909090906,10.227272727272727,12.121212121212121,51.515151515151516,27.27272727272727,9.090909090909092,1.3333333333333335,44.44444444444445,45.066570220522046,AR,2011,Rainy,2
AR_11_R_3,73,9,4068.5003777777783,0.8738056945604276,61.206896551724135,38.88888888888889,20.39572304094937,25.121744575103648,36.40331326416651,3.9013647075870166,78.02729415174034,2.73972602739726,0,5.47945205479452,9.58904109589041,82.1917808219178,0,94.52054794520548,5.47945205479452,0,0.0821917808219178,2.054794520547945,87.67123287671232,1.36986301369863,8.21917808219178,2.73972602739726,0.2602739726027397,8.67579908675799,31.290300255803196,AR,2011,Rainy,3
AR_16_D_1,28,11,9598.04,1.8442720882566566,22.413793103448278,50,52.76486514173655,67.9557416484093,48.28359997339854,3.9195179224091587,78.39035844818318,0,0,14.285714285714285,53.57142857142857,28.57142857142857,3.571428571428571,32.142857142857146,64.28571428571429,3.571428571428571,1.0714285714285716,26.785714285714292,0,7.142857142857142,32.142857142857146,60.71428571428571,2.5357142857142856,84.52380952380952,59.495870557776385,AR,2016,Dry,1
AR_16_D_2,36,12,7894.78,2.0809472120552086,29.310344827586203,55.55555555555556,42.79422224173508,78.40199885624487,51.51553037028043,3.8655984587284262,77.31196917456853,0,0,19.444444444444446,63.888888888888886,16.666666666666664,0,47.22222222222222,52.77777777777778,0,0.7916666666666667,19.791666666666668,5.555555555555555,11.11111111111111,47.22222222222222,36.11111111111111,2.1388888888888884,71.29629629629628,54.978865626952974,AR,2016,Dry,2
AR_16_D_3,29,10,6030.08,1.8523132455771425,23.275862068965516,44.44444444444444,31.878532437692993,68.3106585330835,41.97737437104661,3.883015946720442,77.66031893440883,0,0,27.586206896551722,48.275862068965516,24.137931034482758,0,41.37931034482759,55.172413793103445,3.4482758620689653,0.9310344827586207,23.275862068965516,3.4482758620689653,17.24137931034483,31.03448275862069,48.275862068965516,2.2413793103448274,74.71264367816092,54.40654976314546,AR,2016,Dry,3
AR_16_R_1,28,13,6611.96,2.413303860777408,22.413793103448278,61.111111111111114,35.28477557770265,93.07140298103779,52.97027069332496,3.7396117490123957,74.79223498024791,0,0,35.714285714285715,57.14285714285714,7.142857142857142,0,71.42857142857143,28.57142857142857,0,0.42857142857142855,10.714285714285714,3.571428571428571,46.42857142857143,39.285714285714285,10.714285714285714,1.5714285714285714,52.38095238095239,47.71443594220274,AR,2016,Rainy,1
AR_16_R_2,43,17,5862.08,2.4212456040662036,35.3448275862069,83.33333333333334,30.895084222388082,93.42193197513679,60.74879427926628,3.584554253780228,71.69108507560456,0,0,48.837209302325576,44.18604651162791,6.976744186046512,0,88.37209302325581,11.627906976744185,0,0.17441860465116277,4.3604651162790695,4.651162790697675,65.11627906976744,27.906976744186046,2.3255813953488373,1.2790697674418605,42.63565891472869,44.85900084646965,AR,2016,Rainy,2
AR_16_R_3,25,14,9130.01,2.5115946800294893,19.82758620689655,66.66666666666666,50.0250837833487,97.40971772488074,58.48226359544816,3.812365517671941,76.24731035343882,0,0,32,56.00000000000001,12,0,60,40,0,0.6,15,8,28.000000000000004,60,4,1.6,53.333333333333336,50.76572682055508,AR,2016,Rainy,3
AR_17_D_1,24,7,4921.633333333333,1.7117327410493703,18.96551724137931,27.77777777777778,25.389842579990535,62.10578120954037,33.559729702172,3.932261119276121,78.64522238552242,0,0,12.5,62.5,25,0,41.66666666666667,58.333333333333336,0,0.875,21.875,0,12.5,66.66666666666666,20.833333333333336,2.083333333333333,69.44444444444443,50.88109913303471,AR,2017,Dry,1
AR_17_D_2,17,8,5433.631666666667,1.870568889415637,12.931034482758621,33.33333333333333,28.38700833687004,69.11641770190037,35.94194846371559,3.9623850806964893,79.24770161392979,0,0,5.88235294117647,52.94117647058824,41.17647058823529,0,23.52941176470588,76.47058823529412,0,1.1470588235294117,28.676470588235293,0,5.88235294117647,58.82352941176471,35.294117647058826,2.294117647058824,76.47058823529413,55.0841772252937,AR,2017,Dry,2
AR_17_D_3,29,9,6539.566666666667,1.8303312888565786,23.275862068965516,38.88888888888889,34.860995253496455,67.34042908881807,41.09154382504224,3.9177150932528657,78.35430186505732,0,0,3.4482758620689653,65.51724137931035,27.586206896551722,3.4482758620689653,31.03448275862069,62.06896551724138,6.896551724137931,1.1379310344827587,28.448275862068968,3.4482758620689653,3.4482758620689653,79.3103448275862,13.793103448275861,2.0344827586206895,67.81609195402298,53.92755337654788,AR,2017,Dry,3
AR_17_R_1,24,11,7464.575625,2.282174095733918,18.96551724137931,50,40.27586673691297,87.28365802811543,49.13126050160193,3.8698581927087115,77.39716385417424,0,0,12.5,62.5,25,0,66.66666666666666,33.33333333333333,0,0.49999999999999994,12.499999999999998,16.666666666666664,20.833333333333336,45.83333333333333,16.666666666666664,1.625,54.166666666666664,48.298772755610706,AR,2017,Rainy,1
AR_17_R_2,28,12,10334.105,2.2859319511147946,22.413793103448278,55.55555555555556,57.07368544291755,87.44952051179537,55.62313865342918,3.875500230789217,77.51000461578434,0,0,28.57142857142857,42.857142857142854,28.57142857142857,0,71.42857142857143,28.57142857142857,0,0.42857142857142855,10.714285714285714,14.285714285714285,32.142857142857146,50,3.571428571428571,1.4285714285714286,47.61904761904762,47.866619150636716,AR,2017,Rainy,2
AR_17_R_3,23,9,7390.057083333333,2.0880919427638154,18.103448275862068,38.88888888888889,39.83964574400101,78.7173496775097,43.88733314656542,3.7875752950036414,75.75150590007283,0,0,26.08695652173913,43.47826086956522,30.434782608695656,0,43.47826086956522,56.52173913043478,0,0.8478260869565217,21.195652173913043,8.695652173913043,34.78260869565217,56.52173913043478,0,1.4782608695652175,49.275362318840585,47.52746338484797,AR,2017,Rainy,3
AR_96_D_1,27,6,5180.285714285714,1.4858628765891237,21.551724137931032,22.22222222222222,26.90395699922854,52.136441543496716,30.703586225719626,4.021465418344273,80.42930836688546,0,0,11.11111111111111,18.51851851851852,70.37037037037037,0,22.22222222222222,77.77777777777779,0,1.166666666666667,29.166666666666675,0,3.7037037037037033,51.85185185185185,44.44444444444444,2.407407407407407,80.2469135802469,55.13661870987967,AR,1996,Dry,1
AR_96_D_2,16,3,5203.700000000001,0.46341355882642993,12.068965517241379,5.555555555555555,27.041020912909225,7.008046197578867,12.918397045821255,4.25393412379653,85.07868247593059,0,0,0,6.25,93.75,0,0,100,0,1.5,37.5,0,0,6.25,93.75,2.9375,97.91666666666666,58.35343654710463,AR,1996,Dry,2
AR_96_D_3,15,8,5737.4,1.9913464134109882,11.206896551724139,33.33333333333333,30.165225154029645,74.44724022490814,37.28817381599882,4.199256980513821,83.98513961027643,0,0,13.333333333333334,33.33333333333333,46.666666666666664,6.666666666666667,20,80,0,1.2,30,0,13.333333333333334,40,46.666666666666664,2.333333333333333,77.77777777777777,57.262772801013256,AR,1996,Dry,3
AR_96_R_1,11,4,2263.75,1.2406842919533958,7.758620689655173,11.11111111111111,9.830969837994468,41.31486251207353,17.50389103770857,4.1438519271120935,82.87703854224186,0,0,0,54.54545454545454,45.45454545454545,0,72.72727272727273,27.27272727272727,0,0.40909090909090906,10.227272727272727,45.45454545454545,9.090909090909092,18.181818181818183,27.27272727272727,1.2727272727272727,42.42424242424242,38.2581111828664,AR,1996,Rainy,1
AR_96_R_2,11,4,1342.82,1.1209503926735833,7.758620689655173,11.11111111111111,4.43997599918046,36.0301030143301,14.834952703569211,3.991322068482746,79.82644136965492,0,0,9.090909090909092,54.54545454545454,36.36363636363637,0,72.72727272727273,27.27272727272727,0,0.40909090909090906,10.227272727272727,63.63636363636363,0,9.090909090909092,27.27272727272727,1,33.33333333333333,34.55550003345755,AR,1996,Rainy,2
AR_96_R_3,2,2,682,0.6931471805599453,0,0,0.5716292751459805,17.14792259607423,4.429887967805053,4.253167155425221,85.06334310850441,0,0,0,0,100,0,50,50,0,0.75,18.75,0,0,50,50,2.5,83.33333333333334,47.8941411024107,AR,1996,Rainy,3
AR_97_D_1,33,11,4836.600357142857,1.9992211698510796,26.72413793103448,50,24.89207157596322,74.79481258444464,44.10275552286059,3.9536438493064896,79.07287698612978,0,0,24.242424242424242,42.42424242424242,33.33333333333333,0,63.63636363636363,36.36363636363637,0,0.5454545454545454,13.636363636363635,39.39393939393939,9.090909090909092,24.242424242424242,27.27272727272727,1.3939393939393938,46.46464646464646,45.819160652500116,AR,1997,Dry,1
AR_97_D_2,25,7,3737.6178571428572,1.6107743659691276,19.82758620689655,27.77777777777778,18.45878361003268,57.64972711966898,30.928468678593998,4.063539133500806,81.27078267001613,0,0,16,36,48,0,48,52,0,0.78,19.5,32,12,16,40,1.64,54.666666666666664,46.591479503819194,AR,1997,Dry,2
AR_97_D_3,19,7,4312.178063909774,1.785262043666377,14.655172413793101,27.77777777777778,21.82217771675974,65.35118357850166,32.40157787170807,3.8543950278027297,77.08790055605459,0,0,31.57894736842105,21.052631578947366,47.368421052631575,0,52.63157894736842,47.368421052631575,0,0.7105263157894737,17.763157894736842,10.526315789473683,15.789473684210526,36.84210526315789,36.84210526315789,1.9999999999999998,66.66666666666666,48.47982574729154,AR,1997,Dry,3
AR_97_R_1,44,10,3521.2566666666667,1.7287300093165765,36.206896551724135,44.44444444444444,17.19223583244306,62.85599877909341,40.17489390192627,3.6331889940807116,72.66377988161423,0,0,18.181818181818183,75,6.8181818181818175,0,90.9090909090909,9.090909090909092,0,0.13636363636363635,3.4090909090909087,59.09090909090909,13.636363636363635,27.27272727272727,0,0.6818181818181818,22.727272727272727,34.743759354976035,AR,1997,Rainy,1
AR_97_R_2,52,6,2863.346666666667,1.0032868070532042,43.103448275862064,22.22222222222222,13.340923836423684,30.836722063855305,27.37582909959082,3.50152008605315,70.030401721063,0,0,9.615384615384617,88.46153846153845,1.9230769230769231,0,96.15384615384616,3.8461538461538463,0,0.05769230769230769,1.4423076923076923,80.76923076923077,3.8461538461538463,15.384615384615385,0,0.34615384615384615,11.538461538461538,27.59675001285576,AR,1997,Rainy,2
AR_97_R_3,26,6,2474.536666666667,1.279614564908273,20.689655172413794,22.22222222222222,11.064885142419499,43.03314890369295,24.252477860187113,3.195173507228963,63.90347014457925,3.8461538461538463,0,7.6923076923076925,80.76923076923077,7.6923076923076925,0,100,0,0,0,0,65.38461538461539,0,30.76923076923077,3.8461538461538463,0.7307692307692308,24.35897435897436,28.128730590935184,AR,1997,Rainy,3
CN_10_D_1,4,4,897.04,1.3862943611198906,1.7241379310344827,11.11111111111111,1.8304429907362685,47.74173243465404,15.601856116883976,3.857596093819674,77.15192187639349,0,0,25,25,50,0,75,25,0,0.375,9.375,25,0,50,25,1.75,58.333333333333336,40.1155278316527,CN,2010,Dry,1
CN_10_D_2,9,5,847.49,1.4270610433807247,6.0344827586206895,16.666666666666664,1.540384305805564,49.54107341131391,18.445651785601708,3.81547227695902,76.3094455391804,0,0,33.33333333333333,66.66666666666666,0,0,88.88888888888889,11.11111111111111,0,0.16666666666666663,4.166666666666666,22.22222222222222,11.11111111111111,66.66666666666666,0,1.4444444444444442,48.14814814814814,36.76747803489923,CN,2010,Dry,2
CN_10_D_3,4,3,638.7900000000001,1.0397207708399179,1.7241379310344827,5.555555555555555,0.31868405262618754,32.44482751536413,10.010801263645089,3.646776875029352,72.93553750058705,0,0,25,75,0,0,100,0,0,0,0,0,25,75,0,1.75,58.333333333333336,35.31991802439137,CN,2010,Dry,3
CN_10_R_1,8,2,3168.43,0.37677016125643675,5.172413793103448,0,15.126838477411422,3.1838199677563903,5.8707680595678156,3.7479772631871304,74.95954526374261,0,0,0,100,0,0,0,100,0,1.5,37.5,0,0,100,0,2,66.66666666666666,46.24924499749427,CN,2010,Rainy,1
CN_10_R_2,12,4,4959.595,1.198849312913621,8.620689655172415,11.11111111111111,25.612064802212757,39.46836954601991,21.20305877862905,3.8419736793024426,76.83947358604885,0,0,0,100,0,0,50,50,0,0.75,18.75,50,0,41.66666666666667,8.333333333333332,1.0833333333333335,36.111111111111114,38.22591086894725,CN,2010,Rainy,2
CN_10_R_3,10,3,2949.088,0.8018185525433373,6.896551724137931,5.555555555555555,13.842841462879221,21.94440937781616,12.059839530097218,3.7223364070519427,74.44672814103885,0,0,0,100,0,0,10,90,0,1.35,33.75,10,0,70,20,2,66.66666666666666,46.730808584450685,CN,2010,Rainy,3
CN_11_D_1,19,10,3035.4814705882354,2.1143081309515277,14.655172413793101,44.44444444444444,14.348576608498254,79.87446767293942,38.33066528491881,3.881748395956567,77.63496791913134,0,0,15.789473684210526,78.94736842105263,5.263157894736842,0,73.68421052631578,26.31578947368421,0,0.39473684210526316,9.868421052631579,21.052631578947366,10.526315789473683,47.368421052631575,21.052631578947366,1.6842105263157894,56.14035087719298,45.49360128346868,CN,2011,Dry,1
CN_11_D_2,28,11,5040.165,2.202090305248569,22.413793103448278,50,26.083710175469406,83.7489567035249,45.56161499561065,3.9078629370268634,78.15725874053727,0,0,21.428571428571427,67.85714285714286,10.714285714285714,0,57.14285714285714,42.857142857142854,0,0.6428571428571428,16.07142857142857,14.285714285714285,3.571428571428571,57.14285714285714,25,1.9285714285714284,64.28571428571428,51.01900414832269,CN,2011,Dry,2
CN_11_D_3,32,8,2641.575,1.6555900246251725,25.862068965517242,33.33333333333333,12.042703897206247,59.62777994476471,32.716471535205386,3.763263356141696,75.26526712283392,0,0,71.875,18.75,9.375,0,84.375,15.625,0,0.234375,5.859375,75,6.25,6.25,12.5,0.5625,18.75,33.14777841450983,CN,2011,Dry,3
CN_11_R_1,47,16,6163.0616666666665,2.4630404525441953,38.793103448275865,77.77777777777779,32.65698828740493,95.26665367700532,61.123630797615974,3.5096747476970998,70.193494953942,10.638297872340425,0,44.680851063829785,27.659574468085108,14.893617021276595,2.127659574468085,93.61702127659575,4.25531914893617,2.127659574468085,0.1276595744680851,3.1914893617021276,25.53191489361702,31.914893617021278,36.17021276595745,6.382978723404255,1.2340425531914894,41.13475177304964,43.91084172157744,CN,2011,Rainy,1
CN_11_R_2,24,6,4208.24,1.4549076066582776,18.96551724137931,22.22222222222222,21.213739005722147,50.77015214879533,28.292907654529753,3.4711188762998306,69.42237752599661,0,0,66.66666666666666,33.33333333333333,0,0,87.5,12.5,0,0.1875,4.6875,0,20.833333333333336,70.83333333333334,8.333333333333332,1.8750000000000002,62.500000000000014,41.2256962951316,CN,2011,Rainy,2
CN_11_R_3,28,11,3205.54,2.1374004124233776,22.413793103448278,50,15.34407516354217,80.89370411781397,42.1628930962011,3.6033455205675176,72.06691041135035,3.571428571428571,0,28.57142857142857,57.14285714285714,10.714285714285714,0,85.71428571428571,14.285714285714285,0,0.21428571428571427,5.357142857142857,14.285714285714285,17.857142857142858,57.14285714285714,10.714285714285714,1.6428571428571428,54.76190476190476,43.58721278164977,CN,2011,Rainy,3
CN_16_D_1,11,5,2092.39,1.4681399390162087,7.758620689655173,16.666666666666664,8.827852658383458,51.35419471757907,21.15183368307109,3.929228394324194,78.58456788648388,0,0,18.181818181818183,45.45454545454545,36.36363636363637,0,72.72727272727273,27.27272727272727,0,0.40909090909090906,10.227272727272727,0,18.181818181818183,54.54545454545454,27.27272727272727,2.090909090909091,69.69696969696969,44.915160998449345,CN,2016,Dry,1
CN_16_D_2,7,4,2095.45,1.1537419427010902,4.310344827586207,11.11111111111111,8.845765465162224,37.477441291091736,15.436165673737818,3.990495836216565,79.8099167243313,0,0,0,71.42857142857143,28.57142857142857,0,0,100,0,1.5,37.5,0,0,28.57142857142857,71.42857142857143,2.7142857142857144,90.47619047619048,55.8055682185649,CN,2016,Dry,2
CN_16_D_3,24,8,5076.42,1.5358551955461086,18.96551724137931,33.33333333333333,26.29594181264726,54.34297940797174,33.23444294883291,3.9483233853778845,78.96646770755768,0,0,8.333333333333332,66.66666666666666,25,0,33.33333333333333,66.66666666666666,0,0.9999999999999999,24.999999999999996,8.333333333333332,8.333333333333332,29.166666666666668,54.166666666666664,2.291666666666667,76.3888888888889,53.397449886319876,CN,2016,Dry,3
CN_16_R_1,15,9,2820.86,2.1186492470699507,11.206896551724139,38.88888888888889,13.092212904830896,80.06607384943277,35.813518048719175,3.5503522330069552,71.0070446601391,0,0,40,40,20,0,66.66666666666666,33.33333333333333,0,0.49999999999999994,12.499999999999998,6.666666666666667,13.333333333333334,80,0,1.7333333333333334,57.777777777777786,44.274585121659015,CN,2016,Rainy,1
CN_16_R_2,19,10,3569.8650000000002,2.128549004875151,14.655172413793101,44.44444444444444,17.47678213402409,80.50302478313723,39.26985594384972,3.596442442501327,71.92884885002654,0,0,31.57894736842105,52.63157894736842,15.789473684210526,0,52.63157894736842,47.368421052631575,0,0.7105263157894737,17.763157894736842,0,26.31578947368421,73.68421052631578,0,1.7368421052631577,57.89473684210525,46.71414988267959,CN,2016,Rainy,2
CN_16_R_3,14,6,3444.75,1.6731183626432506,10.344827586206897,22.22222222222222,16.74437663725103,60.40143762548733,27.42821601779187,3.7973987081791134,75.94797416358226,0,0,7.142857142857142,64.28571428571429,28.57142857142857,0,21.428571428571427,78.57142857142857,0,1.1785714285714286,29.464285714285715,0,7.142857142857142,85.71428571428571,7.142857142857142,1.9999999999999998,66.66666666666666,49.87678564058162,CN,2016,Rainy,3
CN_17_D_1,9,5,1805.0646666666667,1.464816384890813,6.0344827586206895,16.666666666666664,7.145890835296815,51.20750122195171,20.26363537063397,3.9231575526195366,78.46315105239073,0,0,0,66.66666666666666,33.33333333333333,0,55.55555555555556,44.44444444444444,0,0.6666666666666665,16.666666666666664,11.11111111111111,0,77.77777777777779,11.11111111111111,1.888888888888889,62.96296296296296,44.58910401316358,CN,2017,Dry,1
CN_17_D_2,7,5,1240.5373333333334,1.5498260458782016,4.310344827586207,16.666666666666664,3.8412277492402183,54.95961834170877,19.944464396300464,3.9362083473505565,78.72416694701113,0,0,0,57.14285714285714,42.857142857142854,0,42.857142857142854,57.14285714285714,0,0.8571428571428571,21.428571428571427,0,0,85.71428571428571,14.285714285714285,2.142857142857143,71.42857142857143,47.881443550113616,CN,2017,Dry,2
CN_17_D_3,3,3,824.2166666666667,1.0986122886681096,0.8620689655172413,5.555555555555555,1.40414550740757,35.044154105837386,10.716481033579438,3.9159227144965927,78.31845428993185,0,0,0,100,0,0,33.33333333333333,66.66666666666666,0,0.9999999999999999,24.999999999999996,0,0,66.66666666666666,33.33333333333333,2.333333333333333,77.77777777777777,47.953178275322266,CN,2017,Dry,3
CN_17_R_1,8,4,8085.418333333334,1.073542846408523,5.172413793103448,11.11111111111111,43.91019205533848,33.93765065208393,23.53284190290924,3.739405518287963,74.78811036575925,0,0,12.5,25,62.5,0,25,62.5,12.5,1.3125,32.8125,0,12.5,87.5,0,1.875,62.5,48.40836306716712,CN,2017,Rainy,1
CN_17_R_2,11,6,1970.27875,1.7201934592198251,7.758620689655173,22.22222222222222,8.11303068885279,62.479216477062636,25.143272519448203,3.941452421389613,78.82904842779226,0,0,0,54.54545454545454,45.45454545454545,0,81.81818181818183,18.181818181818183,0,0.2727272727272727,6.8181818181818175,27.27272727272727,0,72.72727272727273,0,1.4545454545454546,48.484848484848484,39.81883781256769,CN,2017,Rainy,2
CN_17_R_3,6,4,1991.495,1.242453324894,3.4482758620689653,11.11111111111111,8.237227612650187,41.39294327024571,16.04738946401899,3.9714360066181436,79.42872013236287,0,0,0,33.33333333333333,66.66666666666666,0,16.666666666666664,83.33333333333334,0,1.2500000000000002,31.250000000000007,0,0,83.33333333333334,16.666666666666664,2.166666666666667,72.22222222222223,49.73708295465102,CN,2017,Rainy,3
CS_10_D_1,9,5,1107.06,1.464816384890813,6.0344827586206895,16.666666666666664,3.0598703370358984,51.20750122195171,19.24213024606874,3.688504778422127,73.77009556844254,0,0,0,88.88888888888889,0,11.11111111111111,77.77777777777779,11.11111111111111,11.11111111111111,0.49999999999999994,12.499999999999998,0,0,77.77777777777779,22.22222222222222,2.2222222222222223,74.07407407407408,44.89657497214634,CS,2010,Dry,1
CS_10_D_2,8,7,584.35,1.9061547465398494,5.172413793103448,27.77777777777778,0,70.68708981358888,25.90932034611753,3.4987473260888162,69.97494652177633,12.5,0,37.5,37.5,12.5,0,75,25,0,0.375,9.375,37.5,12.5,50,0,1.125,37.5,35.68981671697347,CS,2010,Dry,2
CS_10_D_3,6,4,610.12,1.242453324894,3.4482758620689653,11.11111111111111,0.15085393159766422,41.39294327024571,14.025796043755863,3.9203015800170458,78.40603160034092,0,0,16.666666666666664,66.66666666666666,16.666666666666664,0,100,0,0,0,0,16.666666666666664,16.666666666666664,66.66666666666666,0,1.4999999999999998,49.99999999999999,35.607956911024196,CS,2010,Dry,3
CS_10_R_1,12,3,1871,1.0397207708399179,8.620689655172415,5.555555555555555,7.531866941798013,32.44482751536413,13.53823491697253,3.897963655799038,77.95927311598076,0,0,0,100,0,0,50,50,0,0.75,18.75,50,0,25,25,1.25,41.66666666666667,37.97854367490499,CS,2010,Rainy,1
CS_10_R_2,28,6,3150.4,1.5504655124972422,22.413793103448278,22.22222222222222,15.02129341001888,54.9878428237376,28.661287889856744,3.6029443880142202,72.0588877602844,0,0,10.714285714285714,89.28571428571429,0,0,39.285714285714285,60.71428571428571,0,0.9107142857142856,22.76785714285714,32.142857142857146,7.142857142857142,60.71428571428571,0,1.2857142857142856,42.857142857142854,41.58629391253529,CS,2010,Rainy,2
CS_10_R_3,7,4,1679,1.1537419427010902,4.310344827586207,11.11111111111111,6.407926124306684,37.477441291091736,14.826705838523935,3.73159023228112,74.6318046456224,0,0,0,100,0,0,28.57142857142857,71.42857142857143,0,1.0714285714285714,26.785714285714285,0,14.285714285714285,85.71428571428571,0,1.857142857142857,61.9047619047619,44.53724666865563,CS,2010,Rainy,3
CS_11_D_1,29,6,5391.803,1.440127000531816,23.275862068965516,22.22222222222222,28.142149244120528,50.11777258812741,30.93950153085892,3.8620324555626384,77.24064911125276,0,0,27.586206896551722,68.96551724137932,3.4482758620689653,0,55.172413793103445,44.827586206896555,0,0.6724137931034483,16.810344827586206,3.4482758620689653,27.586206896551722,27.586206896551722,41.37931034482759,2.0689655172413794,68.96551724137932,48.489003177769305,CS,2011,Dry,1
CS_11_D_2,16,7,3294.0400000000004,1.4500064999181645,12.068965517241379,27.77777777777778,15.862141634104582,50.553829365105344,26.56567857355727,3.9139331337810104,78.2786626756202,0,0,12.5,75,12.5,0,37.5,62.5,0,0.9375,23.4375,18.75,6.25,18.75,56.25,2.125,70.83333333333334,49.7787936456277,CS,2011,Dry,2
CS_11_D_3,18,6,5273.530000000001,1.0379083330628327,13.793103448275861,22.22222222222222,27.449795846687447,32.364830974583846,23.957488122942344,3.9956783027687335,79.91356605537467,0,0,11.11111111111111,83.33333333333334,5.555555555555555,0,16.666666666666664,83.33333333333334,0,1.2500000000000002,31.250000000000007,5.555555555555555,5.555555555555555,16.666666666666664,72.22222222222221,2.5555555555555554,85.18518518518518,55.07655984087555,CS,2011,Dry,3
CS_11_R_1,18,8,3304.0099999999998,1.966175517149571,13.793103448275861,33.33333333333333,15.920504602596186,73.33625884132043,34.09580005638145,3.8305027527156397,76.6100550543128,0,0,27.77777777777778,50,22.22222222222222,0,55.55555555555556,44.44444444444444,0,0.6666666666666665,16.666666666666664,11.11111111111111,16.666666666666664,50,22.22222222222222,1.833333333333333,61.11111111111111,47.120908222118004,CS,2011,Rainy,1
CS_11_R_2,36,11,4724.75,2.029041909725341,29.310344827586203,50,24.237315420526553,76.11102661596087,44.914671716018404,3.838360960897402,76.76721921794804,0,0,25,25,50,0,75,22.22222222222222,2.7777777777777777,0.4166666666666666,10.416666666666664,50,16.666666666666664,22.22222222222222,11.11111111111111,0.9444444444444443,31.481481481481477,40.895009770528645,CS,2011,Rainy,2
CS_11_R_3,23,11,1921.708,2.0505681941831484,18.103448275862068,50,7.8287043947842125,77.06114380853361,38.24832411979497,3.7177656178774297,74.3553123575486,0,0,39.130434782608695,17.391304347826086,39.130434782608695,4.3478260869565215,82.6086956521739,13.043478260869565,4.3478260869565215,0.32608695652173914,8.152173913043478,56.52173913043478,17.391304347826086,17.391304347826086,8.695652173913043,0.782608695652174,26.08695652173913,36.71069172803155,CS,2011,Rainy,3
CS_16_D_1,16,6,3638.77,1.6304325826288886,12.068965517241379,22.22222222222222,17.880142248759714,58.517392399312016,27.672180596883834,3.843870373780151,76.87740747560302,0,0,31.25,56.25,12.5,0,62.5,37.5,0,0.5625,14.0625,0,31.25,37.5,31.25,2,66.66666666666666,46.319688684788375,CS,2016,Dry,1
CS_16_D_2,6,2,1655.6200000000001,0.45056120886630463,3.4482758620689653,0,6.271062914343418,6.4407751162173135,4.040028473157424,4.004952344136939,80.09904688273878,0,0,16.666666666666664,0,83.33333333333334,0,16.666666666666664,83.33333333333334,0,1.2500000000000002,31.250000000000007,16.666666666666664,0,83.33333333333334,0,1.666666666666667,55.55555555555557,42.736157727862945,CS,2016,Dry,2
CS_16_D_3,10,3,2857.29,0.9433483923290392,6.896551724137931,5.555555555555555,13.305468967233027,28.191188022130316,13.487191067264206,3.9650966475226523,79.30193295045305,0,0,0,50,50,0,40,60,0,0.9,22.5,0,0,90,10,2.1,70,46.322281004429314,CS,2016,Dry,3
CS_16_R_1,12,7,1369.41,1.791759469228055,8.620689655172415,27.77777777777778,4.59563009468616,65.6379639444172,26.658015368013388,3.4238411432660776,68.47682286532155,0,0,91.66666666666666,8.333333333333332,0,0,91.66666666666666,8.333333333333332,0,0.12499999999999999,3.1249999999999996,0,75,25,0,1.25,41.66666666666667,34.9816262250004,CS,2016,Rainy,1
CS_16_R_2,13,8,2107,1.9512595041439562,9.482758620689655,33.33333333333333,8.913377529964437,72.67790275441415,31.10184305960039,3.680114238253441,73.60228476506883,0,0,23.076923076923077,76.92307692307693,0,0,53.84615384615385,46.15384615384615,0,0.6923076923076923,17.307692307692307,0,23.076923076923077,76.92307692307693,0,1.7692307692307694,58.97435897435898,45.246544776680125,CS,2016,Rainy,2
CS_16_R_3,28,10,2559.0099999999998,1.883296059717192,22.413793103448278,44.44444444444444,11.559380076392852,69.678163661358,37.02394532141089,3.6469072805499003,72.938145610998,0,0,39.285714285714285,53.57142857142857,7.142857142857142,0,85.71428571428571,14.285714285714285,0,0.21428571428571427,5.357142857142857,7.142857142857142,75,17.857142857142858,0,1.1071428571428572,36.904761904761905,38.055998923578414,CS,2016,Rainy,3
CS_17_D_1,4,2,1292.0300000000002,0.5623351446188083,1.7241379310344827,0,4.142658529803458,11.374201423396816,4.31024947105869,3.9795199801862187,79.59039960372436,0,0,0,25,75,0,0,100,0,1.5,37.5,0,0,100,0,2,66.66666666666666,47.016828935362426,CS,2017,Dry,1
CS_17_D_2,7,3,2239.435,0.9556998911125343,4.310344827586207,5.555555555555555,9.688633270404354,28.73635276578322,12.072721604832335,3.9941685960967828,79.88337192193565,0,0,0,42.857142857142854,57.14285714285714,0,14.285714285714285,85.71428571428571,0,1.2857142857142856,32.14285714285714,0,0,71.42857142857143,28.57142857142857,2.2857142857142856,76.19047619047619,50.07235671502533,CS,2017,Dry,2
CS_17_D_3,7,3,1673.4675,0.9556998911125343,4.310344827586207,5.555555555555555,6.375539652573502,28.73635276578322,11.24444820037462,3.731210465694733,74.62420931389467,0,0,0,100,0,0,28.57142857142857,71.42857142857143,0,1.0714285714285714,26.785714285714285,0,0,100,0,2,66.66666666666666,44.83025961666256,CS,2017,Dry,3
CS_17_R_1,22,6,2200.515,1.6187645722588206,17.24137931034483,22.22222222222222,9.460801100525384,58.00239515129889,26.731699446097835,3.5808106738649816,71.61621347729962,0,0,50,50,0,0,95.45454545454545,4.545454545454546,0,0.06818181818181818,1.7045454545454544,0,45.45454545454545,54.54545454545454,0,1.5454545454545454,51.515151515151516,37.8919024732736,CS,2017,Rainy,1
CS_17_R_2,8,3,750.975,0.9002560512685369,5.172413793103448,5.555555555555555,0.9753991599713161,26.289198192438988,9.498141675267327,3.8680587236592427,77.36117447318486,0,0,0,100,0,0,100,0,0,0,0,12.5,0,87.5,0,1.75,58.333333333333336,36.298162370446384,CS,2017,Rainy,2
CS_17_R_3,9,5,1339.03,1.5229550675313184,6.0344827586206895,16.666666666666664,4.417789875751855,53.773599520919454,20.223134705489667,3.9794656206358336,79.58931241271668,0,0,22.22222222222222,33.33333333333333,33.33333333333333,11.11111111111111,77.77777777777779,11.11111111111111,11.11111111111111,0.49999999999999994,12.499999999999998,33.33333333333333,22.22222222222222,33.33333333333333,11.11111111111111,1.222222222222222,40.74074074074074,38.263296964736774,CS,2017,Rainy,3
CS_96_D_1,15,4,3797.79,1.020036958401841,11.206896551724139,11.11111111111111,18.81102281541321,31.57603250108979,18.176265744834563,4.162633320957715,83.2526664191543,0,0,0,13.333333333333334,86.66666666666667,0,6.666666666666667,93.33333333333333,0,1.4,35,0,6.666666666666667,33.33333333333333,60,2.533333333333333,84.44444444444444,55.21834415210833,CS,1996,Dry,1
CS_96_D_2,20,6,3985.5,1.2706817223249798,15.517241379310345,22.22222222222222,19.909850580263715,42.63887522708292,25.072047352219798,4.155979425417137,83.11958850834274,0,0,0,20,75,5,5,90,5,1.5,37.5,5,0,25,70,2.6,86.66666666666667,58.08957563180731,CS,1996,Dry,2
CS_96_D_3,5,3,1562.7,1.0549201679861442,2.586206896551724,5.555555555555555,5.727122389545009,33.11569148047044,11.746144080530682,4.089614129391438,81.79228258782875,0,0,20,40,40,0,60,40,0,0.6,15,0,20,40,40,2.2,73.33333333333334,45.4679400004232,CS,1996,Dry,3
CS_96_R_1,6,4,1434,1.3296613488547582,3.4482758620689653,11.11111111111111,4.973730810320352,45.24209071869733,16.19380212554944,4.11207810320781,82.2415620641562,0,0,0,33.33333333333333,66.66666666666666,0,66.66666666666666,33.33333333333333,0,0.49999999999999994,12.499999999999998,16.666666666666664,16.666666666666664,33.33333333333333,33.33333333333333,1.833333333333333,61.11111111111111,43.01161882520419,CS,1996,Rainy,1
CS_96_R_2,9,3,1502.75,1.0608569471580214,6.0344827586206895,5.555555555555555,5.37618357700019,33.37772629519958,12.585987046594003,4.072946265180502,81.45892530361006,0,0,0,44.44444444444444,55.55555555555556,0,66.66666666666666,33.33333333333333,0,0.49999999999999994,12.499999999999998,44.44444444444444,0,22.22222222222222,33.33333333333333,1.4444444444444442,48.14814814814814,38.67326512458805,CS,1996,Rainy,2
CS_96_R_3,9,3,1498.9,0.6837389058487535,6.0344827586206895,5.555555555555555,5.35364622206612,16.732664515978172,8.419087263055134,3.6232443792114215,72.46488758422844,0,0,0,88.88888888888889,11.11111111111111,0,88.88888888888889,11.11111111111111,0,0.16666666666666663,4.166666666666666,77.77777777777779,0,11.11111111111111,11.11111111111111,0.5555555555555555,18.518518518518515,25.89229000811719,CS,1996,Rainy,3
CS_97_D_1,12,3,698,0.8239592165010823,8.620689655172415,5.555555555555555,0.6652910099369245,22.921643768751647,9.440794997354136,3.570746418338109,71.41492836676218,0,0,0,100,0,0,100,0,0,0,0,66.66666666666666,25,8.333333333333332,0,0.41666666666666663,13.888888888888888,23.6861530632513,CS,1997,Dry,1
CS_97_D_2,15,5,8552.260357142857,1.4019454593787286,11.206896551724139,16.666666666666664,46.64301916929568,48.43253337466364,30.73727894058753,4.323304154052172,86.46608308104345,0,0,0,40,60,0,40,60,0,0.9,22.5,40,0,26.666666666666668,33.33333333333333,1.5333333333333332,51.11111111111111,47.70361828318553,CS,1997,Dry,2
CS_97_D_3,5,2,973.46,0.6730116670092565,2.586206896551724,0,2.2777948515315156,16.25919060689658,5.280798088744955,3.9722632671090747,79.44526534218149,0,0,0,40,60,0,40,60,0,0.9,22.5,40,0,60,0,1.2,40,36.80651585773161,CS,1997,Dry,3
CS_97_R_1,37,8,2192.25,1.5835577737316138,30.17241379310345,33.33333333333333,9.412418960647436,56.448453752739866,32.34165495995602,3.6629558672596647,73.25911734519329,0,0,13.513513513513514,78.37837837837837,8.108108108108109,0,89.1891891891892,10.81081081081081,0,0.16216216216216217,4.054054054054054,62.16216216216216,5.405405405405405,29.72972972972973,2.7027027027027026,0.7297297297297298,24.32432432432433,33.49478767088192,CS,1997,Rainy,1
CS_97_R_2,55,6,3263.25,0.6973264787773306,45.689655172413794,22.22222222222222,15.681901333216256,17.33238652885415,25.231541314176603,3.7122883628284686,74.24576725656937,0,0,0,96.36363636363636,1.8181818181818181,1.8181818181818181,98.18181818181819,1.8181818181818181,0,0.02727272727272727,0.6818181818181818,81.81818181818183,1.8181818181818181,14.545454545454545,1.8181818181818181,0.3636363636363636,12.12121212121212,28.070084718444072,CS,1997,Rainy,2
CS_97_R_3,11,2,1024.9,0.30463609734923813,7.758620689655173,0,2.578917328884401,0,2.5843845046348934,3.5057147038735486,70.11429407747097,0,0,9.090909090909092,90.9090909090909,0,0,100,0,0,0,0,100,0,0,0,0,0,18.174669645526468,CS,1997,Rainy,3
